<manifest version="1.0" type="device" target-level="2">
    <hal format="hidl">
        <name>android.hardware.audio</name>
        <transport>hwbinder</transport>
        <version>6.0</version>
        <interface>
            <name>IDevicesFactory</name>
            <instance>default</instance>
        </interface>
    </hal>
    <hal format="hidl">
        <name>android.hardware.audio.effect</name>
        <transport>hwbinder</transport>
        <version>6.0</version>
        <interface>
            <name>IEffectsFactory</name>
            <instance>default</instance>
        </interface>
    </hal>
    <hal format="hidl">
        <name>android.hardware.biometrics.fingerprint</name>
        <transport>hwbinder</transport>
        <version>2.1</version>
        <interface>
            <name>IBiometricsFingerprint</name>
            <instance>default</instance>
        </interface>
    </hal>
    <hal format="hidl">
        <name>android.hardware.bluetooth</name>
        <transport>hwbinder</transport>
        <version>1.0</version>
        <interface>
            <name>IBluetoothHci</name>
            <instance>default</instance>
        </interface>
    </hal>
    <hal format="hidl">
        <name>android.hardware.camera.provider</name>
        <transport>hwbinder</transport>
        <version>2.5</version>
        <interface>
            <name>ICameraProvider</name>
            <instance>legacy/0</instance>
        </interface>
    </hal>
    <hal format="hidl">
        <name>android.hardware.configstore</name>
        <transport>hwbinder</transport>
        <version>1.1</version>
        <interface>
            <name>ISurfaceFlingerConfigs</name>
            <instance>default</instance>
        </interface>
    </hal>
    <hal format="hidl">
        <name>android.hardware.drm</name>
        <transport>hwbinder</transport>
        <version>1.0</version>
        <interface>
            <name>ICryptoFactory</name>
            <instance>default</instance>
        </interface>
        <interface>
            <name>IDrmFactory</name>
            <instance>default</instance>
        </interface>
    </hal>
    <hal format="hidl">
        <name>android.hardware.gatekeeper</name>
        <transport>hwbinder</transport>
        <version>1.0</version>
        <interface>
            <name>IGatekeeper</name>
            <instance>default</instance>
        </interface>
    </hal>
    <hal format="hidl">
        <name>android.hardware.gnss</name>
        <transport>hwbinder</transport>
        <version>2.0</version>
        <interface>
            <name>IGnss</name>
            <instance>default</instance>
        </interface>
    </hal>
    <hal format="hidl">
        <name>android.hardware.graphics.allocator</name>
        <transport>hwbinder</transport>
        <version>2.0</version>
        <interface>
            <name>IAllocator</name>
            <instance>default</instance>
        </interface>
    </hal>
    <hal format="hidl">
        <name>android.hardware.graphics.composer</name>
        <transport>hwbinder</transport>
        <version>2.1</version>
        <interface>
            <name>IComposer</name>
            <instance>default</instance>
        </interface>
    </hal>
    <hal format="hidl">
        <name>android.hardware.graphics.mapper</name>
        <transport arch="32+64">passthrough</transport>
        <version>2.1</version>
        <interface>
            <name>IMapper</name>
            <instance>default</instance>
        </interface>
    </hal>
    <hal format="hidl">
        <name>android.hardware.health</name>
        <transport>hwbinder</transport>
        <version>2.0</version>
        <interface>
            <name>IHealth</name>
            <instance>default</instance>
            <instance>exthealth</instance>
        </interface>
    </hal>
    <hal format="hidl">
        <name>vendor.samsung.hardware.health</name>
        <transport>hwbinder</transport>
        <version>1.0</version>
        <interface>
            <name>ISehHealth</name>
            <instance>sehhealth</instance>
        </interface>
    </hal>
    <hal format="hidl">
        <name>android.hardware.keymaster</name>
        <transport>hwbinder</transport>
        <version>3.0</version>
        <interface>
            <name>IKeymasterDevice</name>
            <instance>default</instance>
        </interface>
    </hal>
    <hal format="hidl">
        <name>android.hardware.light</name>
        <transport>hwbinder</transport>
        <version>2.0</version>
        <interface>
            <name>ILight</name>
            <instance>default</instance>
        </interface>
    </hal>
    <hal format="hidl">
        <name>android.hardware.media.omx</name>
        <transport>hwbinder</transport>
        <version>1.0</version>
        <interface>
            <name>IOmx</name>
            <instance>default</instance>
        </interface>
        <interface>
            <name>IOmxStore</name>
            <instance>default</instance>
        </interface>
    </hal>
    <hal format="hidl">
        <name>android.hardware.memtrack</name>
        <transport>hwbinder</transport>
        <version>1.0</version>
        <interface>
            <name>IMemtrack</name>
            <instance>default</instance>
        </interface>
    </hal>
    <hal format="hidl">
        <name>android.hardware.power</name>
        <transport>hwbinder</transport>
        <version>1.0</version>
        <interface>
            <name>IPower</name>
            <instance>default</instance>
        </interface>
    </hal>
    <hal format="hidl" override="true">
        <name>android.hardware.radio</name>
        <transport>hwbinder</transport>
        <fqname>@1.2::ISap/slot1</fqname>
        <fqname>@1.2::ISap/slot2</fqname>
        <fqname>@1.4::IRadio/slot1</fqname>
        <fqname>@1.4::IRadio/slot2</fqname>
    </hal>
    <hal format="hidl" override="true">
        <name>android.hardware.radio.config</name>
        <transport>hwbinder</transport>
        <version>1.1</version>
        <interface>
            <name>IRadioConfig</name>
            <instance>default</instance>
        </interface>
    </hal>
    <hal format="hidl" override="true">
        <name>android.hardware.radio.deprecated</name>
        <transport>hwbinder</transport>
    </hal>
    <hal format="hidl">
        <name>android.hardware.renderscript</name>
        <transport arch="32+64">passthrough</transport>
        <version>1.0</version>
        <interface>
            <name>IDevice</name>
            <instance>default</instance>
        </interface>
    </hal>
     <hal format="hidl">
        <name>vendor.samsung.hardware.radio</name>
        <transport>hwbinder</transport>
        <version>2.0</version>
        <interface>
            <name>ISehRadio</name>
            <instance>slot1</instance>
            <instance>slot2</instance>
        </interface>
    </hal>
    <hal format="hidl">
        <name>vendor.samsung.hardware.radio.bridge</name>
        <transport>hwbinder</transport>
        <version>2.0</version>
        <interface>
            <name>ISehBridge</name>
            <instance>slot1</instance>
            <instance>slot2</instance>
        </interface>
    </hal>
    <hal format="hidl">
        <name>vendor.samsung.hardware.radio.channel</name>
        <transport>hwbinder</transport>
        <version>2.0</version>
        <interface>
            <name>ISehChannel</name>
            <instance>epdgd</instance>
            <instance>epdgd2</instance>
            <instance>imsd</instance>
            <instance>imsd2</instance>
        </interface>
    </hal>
    <hal format="hidl">
        <name>android.hardware.sensors</name>
        <transport>hwbinder</transport>
        <version>1.0</version>
        <interface>
            <name>ISensors</name>
            <instance>default</instance>
        </interface>
    </hal>
    <hal format="hidl">
        <name>android.hardware.soundtrigger</name>
        <transport>hwbinder</transport>
        <version>2.1</version>
        <interface>
            <name>ISoundTriggerHw</name>
            <instance>default</instance>
        </interface>
    </hal>
    <hal format="hidl">
        <name>android.hardware.tetheroffload.config</name>
        <transport>hwbinder</transport>
        <version>1.0</version>
        <interface>
            <name>IOffloadConfig</name>
            <instance>default</instance>
        </interface>
    </hal>
    <hal format="hidl">
        <name>android.hardware.tetheroffload.control</name>
        <transport>hwbinder</transport>
        <version>1.0</version>
        <interface>
            <name>IOffloadControl</name>
            <instance>default</instance>
        </interface>
    </hal>
    <hal format="hidl">
        <name>android.hardware.thermal</name>
        <transport>hwbinder</transport>
        <version>1.0</version>
        <interface>
            <name>IThermal</name>
            <instance>default</instance>
        </interface>
    </hal>
    <hal format="hidl">
        <name>android.hardware.vibrator</name>
        <transport>hwbinder</transport>
        <version>1.3</version>
        <interface>
            <name>IVibrator</name>
            <instance>default</instance>
        </interface>
    </hal>
    <hal format="hidl" override="true">
        <name>com.qualcomm.qti.dpm.api</name>
        <transport>hwbinder</transport>
    </hal>
    <hal format="hidl" override="true">
        <name>com.qualcomm.qti.imscmservice</name>
        <transport>hwbinder</transport>
    </hal>
    <hal format="hidl" override="true">
        <name>com.qualcomm.qti.uceservice</name>
        <transport>hwbinder</transport>
    </hal>
    <hal format="hidl">
        <name>vendor.display.color</name>
        <transport>hwbinder</transport>
        <version>1.0</version>
        <interface>
            <name>IDisplayColor</name>
            <instance>default</instance>
        </interface>
    </hal>
    <hal format="hidl">
        <name>vendor.display.config</name>
        <transport>hwbinder</transport>
        <version>1.9</version>
        <interface>
            <name>IDisplayConfig</name>
            <instance>default</instance>
        </interface>
    </hal>
    <hal format="hidl">
        <name>vendor.display.postproc</name>
        <transport>hwbinder</transport>
        <version>1.0</version>
        <interface>
            <name>IDisplayPostproc</name>
            <instance>default</instance>
        </interface>
    </hal>
    <hal format="hidl" override="true">
        <name>vendor.qti.data.factory</name>
        <transport>hwbinder</transport>
    </hal>
    <hal format="hidl">
        <name>vendor.qti.gnss</name>
        <transport>hwbinder</transport>
        <version>1.2</version>
        <interface>
            <name>ILocHidlGnss</name>
            <instance>gnss_vendor</instance>
        </interface>
    </hal>
    <hal format="hidl">
        <name>vendor.qti.gnss</name>
        <transport>hwbinder</transport>
        <version>2.0</version>
        <interface>
            <name>ILocHidlGnss</name>
            <instance>gnss_vendor</instance>
        </interface>
    </hal>
    <hal format="hidl">
        <name>vendor.qti.gnss</name>
        <transport>hwbinder</transport>
        <version>3.0</version>
        <interface>
            <name>ILocHidlGnss</name>
            <instance>gnss_vendor</instance>
        </interface>
    </hal>
    <hal format="hidl">
        <name>vendor.qti.hardware.capabilityconfigstore</name>
        <transport>hwbinder</transport>
        <version>1.0</version>
        <interface>
            <name>ICapabilityConfigStore</name>
            <instance>default</instance>
        </interface>
    </hal>
    <hal format="hidl">
        <name>vendor.qti.hardware.cryptfshw</name>
        <transport>hwbinder</transport>
        <version>1.0</version>
        <interface>
            <name>ICryptfsHw</name>
            <instance>default</instance>
        </interface>
    </hal>
    <hal format="hidl" override="true">
        <name>vendor.qti.hardware.data.connection</name>
        <transport>hwbinder</transport>
    </hal>
    <hal format="hidl" override="true">
        <name>vendor.qti.hardware.data.latency</name>
        <transport>hwbinder</transport>
    </hal>
    <hal format="hidl">
        <name>vendor.qti.hardware.improvetouch.touchcompanion</name>
        <transport>hwbinder</transport>
        <version>1.0</version>
        <interface>
            <name>ITouchCompanion</name>
            <instance>TouchCompanionService</instance>
        </interface>
    </hal>
    <hal format="hidl">
        <name>vendor.qti.hardware.perf</name>
        <transport>hwbinder</transport>
        <version>2.0</version>
        <interface>
            <name>IPerf</name>
            <instance>default</instance>
        </interface>
    </hal>
    <hal format="hidl">
        <name>vendor.qti.hardware.qdutils_disp</name>
        <transport>hwbinder</transport>
        <version>1.0</version>
        <interface>
            <name>IQdutilsDisp</name>
            <instance>default</instance>
        </interface>
    </hal>
    <hal format="hidl">
        <name>vendor.qti.hardware.qseecom</name>
        <transport>hwbinder</transport>
        <version>1.0</version>
        <interface>
            <name>IQSEECom</name>
            <instance>default</instance>
        </interface>
    </hal>
    <hal format="hidl">
        <name>vendor.qti.hardware.qteeconnector</name>
        <transport>hwbinder</transport>
        <version>1.0</version>
        <interface>
            <name>IAppConnector</name>
            <instance>default</instance>
        </interface>
        <interface>
            <name>IGPAppConnector</name>
            <instance>default</instance>
        </interface>
    </hal>
    <hal format="hidl" override="true">
        <name>vendor.qti.hardware.radio.am</name>
        <transport>hwbinder</transport>
    </hal>
    <hal format="hidl" override="true">
        <name>vendor.qti.hardware.radio.ims</name>
        <transport>hwbinder</transport>
    </hal>
    <hal format="hidl" override="true">
        <name>vendor.qti.hardware.radio.internal.deviceinfo</name>
        <transport>hwbinder</transport>
    </hal>
    <hal format="hidl" override="true">
        <name>vendor.qti.hardware.radio.lpa</name>
        <transport>hwbinder</transport>
    </hal>
    <hal format="hidl" override="true">
        <name>vendor.qti.hardware.radio.qcrilhook</name>
        <transport>hwbinder</transport>
    </hal>
    <hal format="hidl" override="true">
        <name>vendor.qti.hardware.radio.qtiradio</name>
        <transport>hwbinder</transport>
    </hal>
    <hal format="hidl" override="true">
        <name>vendor.qti.hardware.radio.uim</name>
        <transport>hwbinder</transport>
    </hal>
    <hal format="hidl" override="true">
        <name>vendor.qti.hardware.radio.uim_remote_client</name>
        <transport>hwbinder</transport>
    </hal>
    <hal format="hidl" override="true">
        <name>vendor.qti.hardware.radio.uim_remote_server</name>
        <transport>hwbinder</transport>
    </hal>
    <hal format="hidl">
        <name>vendor.qti.hardware.soter</name>
        <transport>hwbinder</transport>
        <version>1.0</version>
        <interface>
            <name>ISoter</name>
            <instance>default</instance>
        </interface>
    </hal>
    <hal format="hidl">
        <name>vendor.qti.hardware.tui_comm</name>
        <transport>hwbinder</transport>
        <version>1.0</version>
        <interface>
            <name>ITuiComm</name>
            <instance>default</instance>
        </interface>
    </hal>
    <hal format="hidl" override="true">
        <name>vendor.qti.ims.callinfo</name>
        <transport>hwbinder</transport>
    </hal>
    <hal format="hidl" override="true">
        <name>vendor.qti.imsrtpservice</name>
        <transport>hwbinder</transport>
    </hal>
    <hal format="hidl">
        <name>vendor.samsung.hardware.biometrics.fingerprint</name>
        <transport>hwbinder</transport>
        <version>3.0</version>
        <interface>
            <name>ISehBiometricsFingerprint</name>
            <instance>default</instance>
        </interface>
    </hal>
    <hal format="hidl">
        <name>vendor.samsung.security.skeymaster</name>
        <transport>hwbinder</transport>
        <version>3.0</version>
        <interface>
            <name>ISKeymasterDevice</name>
            <instance>default</instance>
        </interface>
    </hal>
    <hal format="hidl">
        <name>vendor.samsung.hardware.security.securestorage</name>
        <transport>hwbinder</transport>
        <version>3.0</version>
        <interface>
            <name>ISehSecureStorage</name>
            <instance>default</instance>
        </interface>
    </hal>
    <hal format="hidl">
        <name>vendor.samsung.hardware.security.wsm</name>
        <transport>hwbinder</transport>
        <version>1.0</version>
        <interface>
            <name>ISehWsm</name>
            <instance>default</instance>
        </interface>
    </hal>
    <hal format="hidl">
        <name>vendor.samsung.hardware.gnss</name>
        <transport>hwbinder</transport>
        <version>2.0</version>
        <interface>
            <name>ISehGnss</name>
            <instance>default</instance>
        </interface>
        <fqname>@2.0::ISehGnss/default</fqname>
    </hal>
    <hal format="hidl">
        <name>vendor.samsung.hardware.vibrator</name>
        <transport>hwbinder</transport>
        <version>2.0</version>
        <interface>
            <name>ISehVibrator</name>
            <instance>default</instance>
        </interface>
        <fqname>@2.0::ISehVibrator/default</fqname>
    </hal>
    <hal format="hidl">
        <name>vendor.trustonic.tee</name>
        <transport>hwbinder</transport>
        <version>1.0</version>
        <interface>
            <name>ITee</name>
            <instance>default</instance>
        </interface>
    </hal>
    <hal format="hidl">
        <name>vendor.trustonic.teeregistry</name>
        <transport>hwbinder</transport>
        <version>1.0</version>
        <interface>
            <name>ITeeRegistry</name>
            <instance>default</instance>
        </interface>
    </hal>
</manifest>
